100	GO:0000429	GO:0006814
100	GO:0010518	GO:0071799
100	GO:0010453	GO:0036089
100	GO:0034311	GO:2000753
100	GO:0090114	GO:0099518
100	GO:0036294	GO:0043113
100	GO:0006865	GO:0048741
100	GO:0072095	GO:1904958
100	GO:0060613	GO:1903305
100	GO:0042492	GO:1904156
100	GO:0006862	GO:0035759
100	GO:0015807	GO:1901684
100	GO:0003163	GO:0150127
100	GO:0042631	GO:0070173
100	GO:0070979	GO:1900426
100	GO:0009584	GO:1902298
100	GO:0008589	GO:0071868
100	GO:0070383	GO:0106072
100	GO:0140973	GO:1905461
100	GO:0007198	GO:0032345
100	GO:0009249	GO:0046174
100	GO:0045112	GO:1902746
100	GO:0002408	GO:0090592
100	GO:0106120	GO:1902046
100	GO:0001581	GO:0097267
100	GO:0098963	GO:1905673
100	GO:0051783	GO:0072356
100	GO:0043313	GO:2000196
100	GO:0001955	GO:2000232
100	GO:0042401	GO:0120076
100	GO:0070207	GO:2000278
100	GO:1902856	GO:1905349
100	GO:0010982	GO:0060268
100	GO:0043524	GO:2000284
100	GO:0003358	GO:2000347
100	GO:0046059	GO:0050960
100	GO:0006006	GO:1902742
100	GO:0042744	GO:0043367
100	GO:0021847	GO:2001124
100	GO:0019682	GO:0034260
100	GO:0070813	GO:1903723
100	GO:1903224	GO:2000672
100	GO:1901671	GO:1903170
100	GO:0010667	GO:0033615
100	GO:0007020	GO:0051685
100	GO:0051054	GO:1990168
100	GO:0061713	GO:1900078
100	GO:1901340	GO:2000272
100	GO:0097742	GO:0098937
100	GO:0044458	GO:0060809
100	GO:0007525	GO:0045959
100	GO:0060561	GO:1903842
100	GO:0045010	GO:0060340
100	GO:0003150	GO:0048105
100	GO:0001921	GO:0061966
100	GO:0071650	GO:1905523
100	GO:0060046	GO:0090120
100	GO:0006469	GO:2000724
100	GO:0048384	GO:1902822
100	GO:0010469	GO:1900126
100	GO:0045007	GO:1904101
100	GO:0030330	GO:1903749
100	GO:0002091	GO:1905651
100	GO:0061304	GO:0098703
100	GO:0060392	GO:1904328
100	GO:0050731	GO:0060456
100	GO:0010594	GO:0032711
100	GO:0071455	GO:2000566
100	GO:0017185	GO:1903774
100	GO:0086042	GO:2000181
100	GO:0003032	GO:0006996
100	GO:0000972	GO:1904101
100	GO:0098849	GO:1905897
100	GO:0018208	GO:0034605
100	GO:0048683	GO:0061757
100	GO:0046322	GO:0071939
100	GO:0014016	GO:1990090
100	GO:0042148	GO:1900099
100	GO:0015770	GO:0033622
100	GO:0045794	GO:0090134
100	GO:0010642	GO:0044571
100	GO:0071578	GO:2000811
100	GO:0035573	GO:0046470
100	GO:0031048	GO:0070681
100	GO:0007140	GO:1904153
100	GO:1900019	GO:2001135
100	GO:0030299	GO:0035384
100	GO:0072141	GO:0099607
100	GO:0019941	GO:0097376
100	GO:0043615	GO:0071874
100	GO:0062030	GO:1902893
100	GO:0060318	GO:0071386
100	GO:0014809	GO:1904401
100	GO:0060939	GO:1903862
100	GO:0061097	GO:0098815
100	GO:0051123	GO:0072488
100	GO:0051346	GO:0120322
100	GO:0007080	GO:0045683
100	GO:0002076	GO:0002833
100	GO:0008612	GO:1904735
300	GO:0010629	GO:0032738
300	GO:0007094	GO:0051897
300	GO:0070861	GO:2000827
300	GO:0001821	GO:0070493
300	GO:1902459	GO:1903945
300	GO:0072173	GO:1990627
300	GO:0106028	GO:1990683
300	GO:0006650	GO:0006808
300	GO:0000966	GO:0002577
300	GO:0032307	GO:0046460
300	GO:0021934	GO:1904538
300	GO:0043065	GO:1902108
300	GO:0003029	GO:1901986
300	GO:1900047	GO:1903242
300	GO:0030177	GO:0098939
300	GO:0050665	GO:2000718
300	GO:0140633	GO:1902041
300	GO:0008348	GO:0097184
300	GO:0003165	GO:0044089
300	GO:0015697	GO:0045764
300	GO:0030913	GO:0051970
300	GO:0032672	GO:0061030
300	GO:0010310	GO:2000351
300	GO:0002086	GO:0016562
300	GO:0010559	GO:0032805
300	GO:0016487	GO:0098530
300	GO:0003341	GO:0030952
300	GO:0060471	GO:0090176
300	GO:0006241	GO:0010647
300	GO:0042789	GO:0140459
300	GO:0033622	GO:2000676
300	GO:0038194	GO:0097378
300	GO:0060966	GO:1905793
300	GO:0015857	GO:1901318
300	GO:0032053	GO:1904149
300	GO:0006862	GO:0106090
300	GO:0045643	GO:0090031
300	GO:0010716	GO:1904746
300	GO:0010799	GO:0033005
300	GO:0032901	GO:0045124
300	GO:0061691	GO:0072189
300	GO:0030808	GO:1904187
300	GO:0000296	GO:0060232
300	GO:0044057	GO:0048254
300	GO:0035112	GO:0106074
300	GO:0032496	GO:0042327
300	GO:0032274	GO:0034205
300	GO:0042938	GO:0050658
300	GO:0005981	GO:0034374
300	GO:0009440	GO:0060685
300	GO:0034367	GO:1904872
300	GO:0003413	GO:0014745
300	GO:0002548	GO:2001107
300	GO:0098987	GO:1905483
300	GO:0060268	GO:2000797
300	GO:0001787	GO:0016102
300	GO:0014015	GO:1905024
300	GO:1900543	GO:2000765
300	GO:0032324	GO:0046533
300	GO:0060313	GO:0086012
300	GO:0036037	GO:0061670
300	GO:0030162	GO:0071451
300	GO:0036112	GO:0090737
300	GO:0040034	GO:0160244
300	GO:0061038	GO:0090497
300	GO:0002675	GO:0051447
300	GO:0043392	GO:0170033
300	GO:0006587	GO:0015942
300	GO:0006498	GO:0045659
300	GO:0030578	GO:1904289
300	GO:0006817	GO:0060264
300	GO:0009804	GO:1901082
300	GO:0006108	GO:0010838
300	GO:0070426	GO:0072224
300	GO:0030091	GO:0032474
300	GO:0002684	GO:1990592
300	GO:0140466	GO:1904430
300	GO:0009128	GO:0044396
300	GO:0048339	GO:2000103
300	GO:0000768	GO:0007495
300	GO:0035799	GO:0050882
300	GO:0032597	GO:1903909
300	GO:0015723	GO:0032671
300	GO:0051030	GO:0099174
300	GO:0034014	GO:0042908
300	GO:0006543	GO:0070874
300	GO:0003222	GO:2000532
300	GO:0060370	GO:1901465
300	GO:0010044	GO:0043094
300	GO:0060936	GO:1904705
300	GO:0034310	GO:1904093
300	GO:0010585	GO:2000786
300	GO:0034776	GO:0106088
300	GO:0003108	GO:0007113
300	GO:0032053	GO:0099039
300	GO:0019483	GO:1901678
300	GO:0001658	GO:0043506
300	GO:0032746	GO:1902220
300	GO:0046322	GO:2000501
300	GO:0043570	GO:1904711
300	GO:0046464	GO:1990784
300	GO:0009435	GO:1905062
300	GO:0032543	GO:0097117
300	GO:0002336	GO:0014866
300	GO:0045662	GO:0048284
300	GO:0045623	GO:2000121
300	GO:0003177	GO:0019276
300	GO:0010893	GO:0015747
300	GO:0010034	GO:1902031
300	GO:0051252	GO:0071277
300	GO:0007193	GO:1905443
300	GO:0043267	GO:0150116
300	GO:0003215	GO:0060218
300	GO:0002854	GO:0007612
300	GO:0035964	GO:0060489
300	GO:0015694	GO:0042309
300	GO:0003311	GO:0060490
300	GO:1900226	GO:2001017
300	GO:0006256	GO:0051402
300	GO:0060128	GO:0071344
300	GO:0046425	GO:0150146
300	GO:0007041	GO:1901656
300	GO:0048613	GO:2000435
300	GO:0007188	GO:0034140
300	GO:0051930	GO:0072656
300	GO:0035268	GO:0060765
300	GO:0016050	GO:1904556
300	GO:0007165	GO:0070862
300	GO:0006787	GO:0061999
300	GO:0060435	GO:1901164
300	GO:0071038	GO:0140050
300	GO:0030041	GO:1903311
300	GO:0045797	GO:0048557
300	GO:1904851	GO:2001294
300	GO:0001574	GO:0050650
300	GO:0006983	GO:1905784
300	GO:0000481	GO:0034551
300	GO:0046320	GO:1902362
300	GO:0015936	GO:1900749
300	GO:0048241	GO:0072344
300	GO:0032499	GO:0097326
300	GO:0046294	GO:0047484
300	GO:0001960	GO:0043378
300	GO:0034397	GO:0050994
300	GO:0043649	GO:1901506
300	GO:0072210	GO:2000592
300	GO:0014013	GO:1902075
300	GO:0038089	GO:0055007
300	GO:0006021	GO:2001311
300	GO:0006398	GO:1903434
300	GO:0007512	GO:0062126
300	GO:0014736	GO:1904479
300	GO:0016098	GO:1901161
300	GO:0045905	GO:2000304
300	GO:0038193	GO:0043578
300	GO:0002580	GO:0003274
300	GO:0033320	GO:0038093
300	GO:0002949	GO:0003289
300	GO:0006210	GO:2000252
300	GO:0009100	GO:2000522
300	GO:0097744	GO:0140066
300	GO:0032218	GO:0070669
300	GO:0035356	GO:2000524
300	GO:0070296	GO:0098742
300	GO:0048194	GO:1903028
300	GO:0032341	GO:0055006
300	GO:0035542	GO:0035691
300	GO:0051943	GO:2000066
300	GO:0003415	GO:0098923
300	GO:0035914	GO:0060219
300	GO:0042701	GO:0048524
300	GO:0061209	GO:1990611
300	GO:0006677	GO:0034626
300	GO:0032979	GO:0035544
300	GO:0036323	GO:0090290
300	GO:0018063	GO:0061886
300	GO:0014003	GO:1901732
300	GO:0010155	GO:1902955
300	GO:0010961	GO:0160054
300	GO:0071679	GO:1901211
300	GO:0014916	GO:2000174
300	GO:0150093	GO:2001107
300	GO:0070306	GO:1900098
300	GO:0017143	GO:0072554
300	GO:0070417	GO:0090175
300	GO:0070254	GO:1905808
300	GO:0051612	GO:0099054
300	GO:0060853	GO:1990960
300	GO:0010966	GO:1903531
300	GO:0031103	GO:0034275
300	GO:0001111	GO:0008212
300	GO:0033132	GO:0043470
300	GO:1904151	GO:1990438
300	GO:0005998	GO:0072706
300	GO:0034021	GO:0072757
300	GO:0030838	GO:0034308
300	GO:0006776	GO:2001076
300	GO:0001992	GO:0035803
300	GO:0032227	GO:0042822
300	GO:0034032	GO:0070863
300	GO:0003352	GO:1900229
300	GO:0014806	GO:0051588
300	GO:0007342	GO:0032600
300	GO:0010351	GO:0072167
300	GO:0007215	GO:0043588
300	GO:0050951	GO:0062125
300	GO:0098728	GO:1902525
300	GO:0016071	GO:1901624
300	GO:0009311	GO:1903912
300	GO:0002573	GO:0036345
300	GO:0060391	GO:0072004
300	GO:0014857	GO:0032746
300	GO:0046325	GO:0097377
300	GO:0071375	GO:1905884
300	GO:0046053	GO:0046824
300	GO:1901628	GO:1902932
300	GO:0010606	GO:0015871
300	GO:0015694	GO:1905188
300	GO:0044211	GO:0051952
300	GO:0009957	GO:1904899
300	GO:0032880	GO:0045648
300	GO:0015747	GO:0033046
300	GO:0061952	GO:0070670
300	GO:0051174	GO:1903515
300	GO:0170033	GO:1903313
300	GO:0007399	GO:2000588
300	GO:0046050	GO:0070486
300	GO:0034352	GO:1901248
300	GO:0010833	GO:0051315
300	GO:0039529	GO:0051216
300	GO:0006406	GO:0060767
300	GO:0016182	GO:0050821
300	GO:0006587	GO:0090361
300	GO:0009229	GO:0051835
300	GO:0006640	GO:0106048
300	GO:0006206	GO:0032286
300	GO:0046348	GO:1902914
300	GO:0032331	GO:2000590
300	GO:0070318	GO:1904676
300	GO:0009310	GO:0034371
300	GO:0009193	GO:0060633
300	GO:0019395	GO:2000186
300	GO:0002604	GO:0035384
300	GO:0060152	GO:0070587
300	GO:0035499	GO:0062042
300	GO:0021527	GO:0046466
300	GO:0033028	GO:1902116
300	GO:0006475	GO:0014036
300	GO:0044344	GO:0071955
300	GO:0048371	GO:1902214
300	GO:0008591	GO:0061158
300	GO:0006393	GO:0060080
300	GO:0035845	GO:1903974
300	GO:0060552	GO:0061670
300	GO:0002820	GO:0031124
300	GO:0051344	GO:0060129
300	GO:0061844	GO:1901016
300	GO:0032355	GO:0036153
300	GO:0038118	GO:0048240
300	GO:0045906	GO:0097154
300	GO:0071294	GO:1904457
300	GO:0006641	GO:1901175
300	GO:0002419	GO:0034694
300	GO:0009062	GO:0042478
300	GO:0035644	GO:0042327
300	GO:0032483	GO:0060978
300	GO:0002526	GO:0016188
300	GO:0032825	GO:0160020
300	GO:0032534	GO:1903846
300	GO:0031989	GO:1903026
300	GO:0000725	GO:0070292
300	GO:0001957	GO:0048641
300	GO:0090313	GO:2000064
300	GO:1901248	GO:1901343
300	GO:0008582	GO:0045772
300	GO:0060337	GO:2000536
300	GO:0000256	GO:0035106
300	GO:0015766	GO:1904934
300	GO:0030311	GO:0120193
300	GO:0048791	GO:2000492
300	GO:0045617	GO:1904045
300	GO:0042429	GO:0060283
300	GO:0071493	GO:0090349
300	GO:0060167	GO:1903899
300	GO:0090036	GO:0098038
300	GO:0042149	GO:1990414
300	GO:0046881	GO:0098939
300	GO:0006218	GO:0045939
300	GO:0002812	GO:0006360
300	GO:0019249	GO:1902563
300	GO:0006837	GO:1900721
300	GO:0002718	GO:0055113
300	GO:0044779	GO:0060121
300	GO:0032920	GO:0060976
300	GO:0048812	GO:1903442
300	GO:0006026	GO:0008064
300	GO:0035351	GO:0045428
300	GO:0045839	GO:1903495
300	GO:0021511	GO:0090266
300	GO:0039532	GO:1904835
600	GO:0007521	GO:0044795
600	GO:0070150	GO:0070947
600	GO:0045910	GO:0098659
600	GO:0046222	GO:1902601
600	GO:0006624	GO:1904588
600	GO:0035627	GO:0060800
600	GO:0030913	GO:1990626
600	GO:0060843	GO:1902975
600	GO:0046033	GO:0048672
600	GO:0034143	GO:1901257
600	GO:0060330	GO:0070671
600	GO:0032816	GO:0120161
600	GO:0006616	GO:1901419
600	GO:1903893	GO:1904735
600	GO:0042441	GO:0140242
600	GO:0033387	GO:0072201
600	GO:0033152	GO:1990410
600	GO:0010799	GO:0035592
600	GO:0061035	GO:0075732
600	GO:0035733	GO:0042416
600	GO:0097055	GO:1903233
600	GO:0034514	GO:0046320
600	GO:0045833	GO:0048232
600	GO:0019228	GO:0043407
600	GO:1901343	GO:1905555
600	GO:0030574	GO:0061448
600	GO:0070994	GO:0075606
600	GO:0035441	GO:1903179
600	GO:0090324	GO:0099532
600	GO:0014032	GO:1902175
600	GO:0048683	GO:0150202
600	GO:0070239	GO:1903742
600	GO:0010507	GO:2000209
600	GO:0097190	GO:1904890
600	GO:0019217	GO:0070212
600	GO:1903671	GO:2000156
600	GO:0009083	GO:0018198
600	GO:0051946	GO:1900242
600	GO:0072659	GO:1904811
600	GO:0070671	GO:0090262
600	GO:0050900	GO:0141161
600	GO:0035458	GO:1904306
600	GO:0045088	GO:1902618
600	GO:0031444	GO:0070914
600	GO:0006971	GO:0007417
600	GO:0006656	GO:0032489
600	GO:0002128	GO:0097640
600	GO:0006281	GO:0071236
600	GO:1903001	GO:1904760
600	GO:0048819	GO:0097324
600	GO:0006842	GO:0045951
600	GO:0042634	GO:1904502
600	GO:0032729	GO:1903312
600	GO:1904781	GO:1904869
600	GO:0042176	GO:0046688
600	GO:0046637	GO:0050902
600	GO:0097380	GO:2000691
600	GO:0062042	GO:1902306
600	GO:0006657	GO:1905221
600	GO:0097696	GO:1904798
600	GO:0009064	GO:1905161
600	GO:0006012	GO:1905040
600	GO:0097681	GO:0099633
600	GO:0032048	GO:0042939
600	GO:0007519	GO:1904036
600	GO:0048308	GO:1905707
600	GO:0042780	GO:0140888
600	GO:0032436	GO:0038033
600	GO:1901859	GO:1902932
600	GO:0032528	GO:0042692
600	GO:0038034	GO:2001190
600	GO:0021846	GO:1990792
600	GO:0046888	GO:0141214
600	GO:0014040	GO:0034390
600	GO:0006431	GO:0021781
600	GO:0031023	GO:2000145
600	GO:0044205	GO:0071377
600	GO:0015694	GO:0032352
600	GO:0097490	GO:1900155
600	GO:0009113	GO:0040001
600	GO:0042113	GO:0048392
600	GO:0010611	GO:0019241
600	GO:0045842	GO:0141065
600	GO:0051168	GO:1904714
600	GO:0099537	GO:1903690
600	GO:0003331	GO:0032481
600	GO:0048041	GO:1902230
600	GO:1903018	GO:1903923
600	GO:0010701	GO:0032207
600	GO:0043370	GO:0090311
600	GO:0001815	GO:0071798
600	GO:0002184	GO:0050804
600	GO:0033962	GO:2000345
600	GO:0048200	GO:1903769
600	GO:0060347	GO:1901506
600	GO:1904690	GO:1904751
600	GO:0090307	GO:1902228
600	GO:0006638	GO:1902253
600	GO:0071581	GO:2000095
600	GO:0010464	GO:0061713
600	GO:1902267	GO:1903327
600	GO:0051126	GO:1903674
600	GO:0072210	GO:2000832
600	GO:0002078	GO:0061552
600	GO:0071951	GO:2000104
600	GO:0071649	GO:0150147
600	GO:0032957	GO:0048070
600	GO:0042733	GO:1905908
600	GO:0106044	GO:2000980
600	GO:0010508	GO:0034204
600	GO:0019218	GO:1901298
600	GO:0006289	GO:0060244
600	GO:0022407	GO:0042371
600	GO:0009125	GO:0090156
600	GO:0042476	GO:1900003
600	GO:0034146	GO:0141188
600	GO:0030177	GO:0090035
600	GO:0035279	GO:0043255
600	GO:0035493	GO:0072168
600	GO:1901646	GO:1905133
600	GO:0043954	GO:2000451
600	GO:0021856	GO:0090315
600	GO:0035378	GO:0072104
600	GO:0033371	GO:0098849
600	GO:0009743	GO:0140650
600	GO:0042495	GO:0099050
600	GO:0070723	GO:1901723
600	GO:0036090	GO:0050764
600	GO:0032425	GO:0140271
600	GO:0009100	GO:1903673
600	GO:0006388	GO:0046122
600	GO:0002160	GO:0070169
600	GO:0000025	GO:0036323
600	GO:0060371	GO:1901753
600	GO:0007005	GO:0032286
600	GO:0035519	GO:1904200
600	GO:0016095	GO:0141163
600	GO:0016260	GO:0050680
600	GO:0030324	GO:1900034
600	GO:0043114	GO:0060981
600	GO:0072350	GO:1903109
600	GO:0042759	GO:0046222
600	GO:0032899	GO:0051013
600	GO:0018272	GO:0061939
600	GO:0007263	GO:0014898
600	GO:0019859	GO:0045859
600	GO:0046037	GO:0046596
600	GO:0002021	GO:1990823
600	GO:0048743	GO:0141166
600	GO:0043248	GO:0051354
600	GO:0006747	GO:1901989
600	GO:0051057	GO:2001015
600	GO:0030258	GO:0051790
600	GO:0061760	GO:0140112
600	GO:0006210	GO:1901863
600	GO:0034642	GO:2000464
600	GO:0086002	GO:1900753
600	GO:0006468	GO:0097254
600	GO:0045796	GO:0071873
600	GO:0010819	GO:0051709
600	GO:0002753	GO:1905147
600	GO:1905364	GO:1990874
600	GO:0007611	GO:0050858
600	GO:0032789	GO:0034616
600	GO:0036150	GO:2000434
600	GO:0000303	GO:0031342
600	GO:0046467	GO:0070175
600	GO:0060326	GO:0160218
600	GO:0010565	GO:2000035
600	GO:0045636	GO:0071514
600	GO:0031445	GO:0061517
600	GO:0051336	GO:2000810
600	GO:0007176	GO:0097499
600	GO:0098969	GO:2000142
600	GO:0010962	GO:0021605
600	GO:0009150	GO:0042790
600	GO:0006542	GO:0007194
600	GO:0015787	GO:1904837
600	GO:1903116	GO:1905605
600	GO:0009175	GO:0061723
600	GO:0000305	GO:0002765
600	GO:0036336	GO:1903985
600	GO:0031223	GO:1901731
600	GO:0001879	GO:0045660
600	GO:0001711	GO:0047484
600	GO:0007198	GO:0045089
600	GO:0007004	GO:1900103
600	GO:0039535	GO:0045943
600	GO:0032387	GO:0050930
600	GO:0031054	GO:0051142
600	GO:0002474	GO:0051783
600	GO:0000741	GO:0034351
600	GO:0032253	GO:0072024
600	GO:0006769	GO:0046900
600	GO:0032648	GO:0060930
600	GO:0042953	GO:1902553
600	GO:0010070	GO:0061179
600	GO:0008544	GO:0044027
600	GO:0045657	GO:0150094
600	GO:0099123	GO:1904958
600	GO:0002711	GO:0042117
600	GO:0045010	GO:0070849
600	GO:0035790	GO:0071867
600	GO:0033015	GO:1903978
600	GO:0002756	GO:1901018
600	GO:0007064	GO:0042313
600	GO:0008299	GO:0042996
600	GO:0032909	GO:1902247
600	GO:2000047	GO:2000095
600	GO:0015673	GO:0042454
600	GO:0006873	GO:0071644
600	GO:0051307	GO:0099541
600	GO:0046006	GO:1905528
600	GO:0023057	GO:0036146
600	GO:0015825	GO:0061975
600	GO:0032724	GO:1901159
600	GO:0002182	GO:0120034
600	GO:0006164	GO:0009311
600	GO:0043324	GO:1905446
600	GO:0051939	GO:1905637
600	GO:0048242	GO:1904533
600	GO:0030221	GO:0061311
600	GO:0051591	GO:0141111
600	GO:0014734	GO:0043491
600	GO:0043043	GO:0051350
600	GO:0002184	GO:1900152
600	GO:0014842	GO:0070316
600	GO:0072757	GO:1904054
600	GO:0035664	GO:0070920
600	GO:0045107	GO:0090035
600	GO:0015911	GO:0061370
600	GO:0032239	GO:0046440
600	GO:0034445	GO:0051093
600	GO:0002253	GO:0031452
600	GO:0001765	GO:0009932
600	GO:0032801	GO:0060482
600	GO:0070845	GO:0070950
600	GO:0086100	GO:0098810
600	GO:1900408	GO:1902531
600	GO:0140917	GO:0160091
600	GO:0006048	GO:0061052
600	GO:0014033	GO:0061844
600	GO:0034109	GO:0099548
600	GO:0014006	GO:1904636
600	GO:0060047	GO:0097706
600	GO:0048371	GO:0072038
600	GO:0008625	GO:0072497
600	GO:0010232	GO:0018119
600	GO:1903189	GO:1990784
600	GO:1990266	GO:2000379
600	GO:0051084	GO:0070901
600	GO:0042045	GO:1901846
600	GO:0003365	GO:0097050
600	GO:0099150	GO:1902389
600	GO:0008361	GO:0031456
600	GO:0050859	GO:0097067
600	GO:0050804	GO:1902080
600	GO:0060232	GO:0070672
600	GO:0043317	GO:2000292
600	GO:0002714	GO:0035441
600	GO:0032392	GO:0036471
600	GO:0019563	GO:0050961
600	GO:0055070	GO:0120056
600	GO:0034229	GO:0051965
600	GO:0009174	GO:0021930
600	GO:0006109	GO:0006666
600	GO:0016567	GO:0045643
600	GO:0031554	GO:0036102
600	GO:0180034	GO:1900424
600	GO:0030813	GO:0032479
600	GO:0002281	GO:0046645
600	GO:0002336	GO:0005979
600	GO:0031507	GO:0035967
600	GO:0046351	GO:1904235
600	GO:0043408	GO:2001260
600	GO:1902860	GO:1904101
600	GO:0051728	GO:0051877
600	GO:0036506	GO:1902533
600	GO:0019626	GO:0032705
600	GO:0060561	GO:1902729
600	GO:0070231	GO:1900019
600	GO:0006168	GO:0031989
600	GO:0060753	GO:2000774
600	GO:0031665	GO:0035429
600	GO:0070170	GO:1900118
600	GO:0070897	GO:1905869
600	GO:0021915	GO:1903840
600	GO:0051122	GO:1902437
600	GO:0032374	GO:0036116
600	GO:0048627	GO:1904394
600	GO:0060087	GO:2000212
600	GO:0002684	GO:0070407
600	GO:0045002	GO:0051988
600	GO:0032101	GO:0046443
600	GO:0009443	GO:0042819
600	GO:0015732	GO:2000568
600	GO:0036198	GO:1901838
600	GO:0007217	GO:0010172
600	GO:0007041	GO:0051549
600	GO:0032901	GO:0042058
600	GO:1900425	GO:1905627
600	GO:0036015	GO:1902513
600	GO:0061298	GO:1905906
600	GO:0046067	GO:0051365
600	GO:0014008	GO:0034092
600	GO:0015012	GO:0033364
600	GO:0038189	GO:0048263
600	GO:0001731	GO:0036211
600	GO:0031948	GO:0050768
600	GO:0030323	GO:0090557
600	GO:0006047	GO:0106057
600	GO:0042214	GO:1901384
600	GO:1901653	GO:1902883
600	GO:0017006	GO:0048792
600	GO:0010970	GO:1903796
600	GO:0006656	GO:1902749
600	GO:0032741	GO:0042491
600	GO:0051988	GO:1904411
600	GO:0009067	GO:0051939
600	GO:0044208	GO:0060415
600	GO:0000492	GO:0001783
600	GO:0044861	GO:1901340
600	GO:0032974	GO:1902680
600	GO:0032297	GO:1903053
600	GO:0003318	GO:0090316
600	GO:0090155	GO:0098529
600	GO:0042724	GO:2000467
600	GO:0062012	GO:1904204
600	GO:0031125	GO:0061938
600	GO:0031622	GO:0051294
600	GO:0051354	GO:0120045
600	GO:0035964	GO:0090656
600	GO:0034476	GO:2000272
600	GO:0097168	GO:1904021
600	GO:0018095	GO:0098976
600	GO:0006537	GO:0035543
600	GO:0070328	GO:1900028
600	GO:0010575	GO:1900450
600	GO:0046380	GO:2000573
600	GO:0033600	GO:1903784
600	GO:0006284	GO:1904344
600	GO:0048145	GO:1904628
600	GO:0001702	GO:0086048
600	GO:0061910	GO:0072262
600	GO:0061837	GO:0071658
600	GO:0006391	GO:0070072
600	GO:0010523	GO:0106057
600	GO:0009065	GO:0070105
600	GO:0017062	GO:0030595
600	GO:0002276	GO:1900186
600	GO:0072208	GO:1902426
600	GO:0006414	GO:1902905
600	GO:0032651	GO:1905602
600	GO:0042357	GO:1903361
600	GO:0003300	GO:2001139
600	GO:0140966	GO:2000352
600	GO:0016108	GO:0071298
600	GO:0090291	GO:1904372
600	GO:0050904	GO:0072384
600	GO:1903639	GO:1905153
600	GO:0000460	GO:0061101
600	GO:0070494	GO:0099163
600	GO:0036150	GO:0071462
600	GO:0038095	GO:0070343
600	GO:0000425	GO:0080164
600	GO:0035590	GO:0036048
600	GO:0070646	GO:1901655
600	GO:0003051	GO:0032869
600	GO:0009235	GO:1902513
600	GO:0001178	GO:0090090
600	GO:0061966	GO:1904904
600	GO:0006777	GO:1905883
600	GO:0061006	GO:0106089
600	GO:0039692	GO:0097378
600	GO:0042822	GO:1903027
600	GO:0045938	GO:0071272
600	GO:0070849	GO:0072396
600	GO:0072348	GO:2000513
600	GO:0060448	GO:1904354
600	GO:0097037	GO:0140467
600	GO:0060043	GO:0072127
600	GO:0008610	GO:0090317
600	GO:0002710	GO:0009437
600	GO:0018352	GO:1900166
600	GO:0010359	GO:0051282
600	GO:0046640	GO:0060231
600	GO:0018230	GO:0046105
600	GO:0038118	GO:0070842
600	GO:0090259	GO:1905801
600	GO:0007387	GO:0070862
600	GO:0000098	GO:0071398
600	GO:0032927	GO:1905906
600	GO:0060351	GO:0160040
600	GO:0006418	GO:1903708
600	GO:0050821	GO:0061548
600	GO:0010828	GO:1903322
600	GO:0040019	GO:0050913
600	GO:0008593	GO:0034091
600	GO:0046622	GO:0050768
600	GO:0019400	GO:0035872
600	GO:0043392	GO:0072583
600	GO:0071680	GO:0140271
600	GO:0140745	GO:1904764
600	GO:0002590	GO:0033630
600	GO:0090384	GO:1903504
600	GO:1905533	GO:2001150
600	GO:0032418	GO:0038123
600	GO:0006548	GO:0106273
600	GO:0120211	GO:1903004
600	GO:0090027	GO:0099017
600	GO:1903286	GO:1990117
600	GO:0001782	GO:2000283
600	GO:0035825	GO:2000880
600	GO:0072488	GO:1901606
600	GO:0035720	GO:0045589
600	GO:0006776	GO:0141124
600	GO:0036005	GO:1905551
600	GO:0050820	GO:0060314
600	GO:1905962	GO:1990442
600	GO:0003009	GO:0033233
600	GO:0008064	GO:0051336
600	GO:0055070	GO:0072710
600	GO:0061043	GO:1902001
600	GO:0010498	GO:1904566
600	GO:0030514	GO:0070716
600	GO:0042790	GO:0071413
600	GO:0071879	GO:0090182
600	GO:0007617	GO:0019470
600	GO:0002365	GO:0035395
600	GO:0050689	GO:0090278
600	GO:0035106	GO:0046605
600	GO:0010513	GO:0031635
600	GO:0006090	GO:1904395
600	GO:0006679	GO:0042776
600	GO:0006521	GO:0035238
600	GO:0048755	GO:1902683
600	GO:0007063	GO:0062028
600	GO:0035999	GO:1901207
600	GO:0033625	GO:2000768
600	GO:0003231	GO:0099509
600	GO:0042631	GO:0090234
600	GO:0030327	GO:2000318
600	GO:0035562	GO:0072560
600	GO:0051387	GO:1902255
600	GO:0097150	GO:2000307
600	GO:0014821	GO:0140447
600	GO:0002838	GO:0034182
600	GO:0035630	GO:0051296
600	GO:0060079	GO:1903251
600	GO:0021812	GO:0140285
600	GO:0015965	GO:0042590
600	GO:0032600	GO:1903725
600	GO:0016189	GO:1903859
600	GO:0002439	GO:0099610
600	GO:0035330	GO:0051055
600	GO:1900006	GO:2000402
600	GO:0006297	GO:0140298
600	GO:0046726	GO:0060828
600	GO:0009810	GO:0048041
600	GO:0010986	GO:0120253
600	GO:0002768	GO:1905603
600	GO:0061669	GO:0140459
600	GO:0009095	GO:1905884
600	GO:0051625	GO:1904373
600	GO:0072027	GO:0160177
600	GO:0086021	GO:1904251
600	GO:0019448	GO:0110023
600	GO:0048679	GO:1901142
600	GO:0009237	GO:0035313
600	GO:0014857	GO:0036525
600	GO:0043049	GO:0072237
600	GO:0042760	GO:0097527
600	GO:0016046	GO:0150036
600	GO:0006551	GO:0072229
600	GO:0140013	GO:1905935
600	GO:0021877	GO:0065002
600	GO:0032485	GO:0043691
600	GO:0015805	GO:0032346
600	GO:0035814	GO:0036515
600	GO:0001109	GO:0045601
600	GO:0051209	GO:0070651
600	GO:0006820	GO:0031293
600	GO:0140285	GO:1902223
600	GO:0007044	GO:0033143
600	GO:0006066	GO:0050804
600	GO:0034551	GO:0051946
600	GO:0008643	GO:0035545
600	GO:0031214	GO:0090280
600	GO:0000724	GO:0003190
600	GO:0032874	GO:0036517
600	GO:0002575	GO:1904894
600	GO:0032735	GO:1904339
600	GO:0006451	GO:1901594
600	GO:0014008	GO:0015937
600	GO:0034552	GO:1990418
600	GO:0010603	GO:0071283
600	GO:0021828	GO:0036196
600	GO:0070426	GO:1903677
600	GO:0045617	GO:1902034
600	GO:0032272	GO:0072218
600	GO:0001806	GO:0045444
600	GO:0045605	GO:1901804
600	GO:0045619	GO:0071169
600	GO:0009143	GO:0042116
600	GO:0038093	GO:1902692
600	GO:0002891	GO:1902749
600	GO:0031468	GO:1901724
600	GO:0035305	GO:0140493
600	GO:0060331	GO:0090367
600	GO:0046579	GO:0051885
600	GO:0050992	GO:0071639
600	GO:0042796	GO:0048247
600	GO:0030638	GO:0072207
600	GO:0006480	GO:0051890
600	GO:0051938	GO:0060576
600	GO:0006207	GO:0019060
600	GO:0140123	GO:1905940
600	GO:0001895	GO:0051638
600	GO:0051983	GO:1904507
600	GO:0002295	GO:1900625
600	GO:0038112	GO:2000173
600	GO:0006364	GO:0072168
600	GO:0006225	GO:0061767
600	GO:0046654	GO:1903131
600	GO:0040013	GO:0106090
600	GO:0032345	GO:1903772
600	GO:0033602	GO:1905042
600	GO:0070534	GO:0071878
600	GO:0034314	GO:0035444
600	GO:0030264	GO:0032361
600	GO:0034014	GO:1904049
600	GO:0009111	GO:0033344
600	GO:0042554	GO:0046498
600	GO:0002274	GO:0043310
600	GO:0010512	GO:2000393
600	GO:0032788	GO:1902685
600	GO:0010766	GO:1905637
600	GO:0022900	GO:0043461
600	GO:0009168	GO:0032738
600	GO:0043310	GO:0099605
600	GO:0035458	GO:2000535
600	GO:0051049	GO:1903939
600	GO:0048295	GO:0070944
600	GO:0032288	GO:1902990
600	GO:0007519	GO:0038170
600	GO:0006573	GO:0060838
600	GO:0030382	GO:0060263
600	GO:0043436	GO:2000859
600	GO:0031444	GO:0044790
600	GO:0034758	GO:0072344
600	GO:0072166	GO:1902548
600	GO:0045116	GO:1903073
600	GO:0044070	GO:0051583
600	GO:0015818	GO:0090067
600	GO:0061909	GO:1902268
600	GO:0021702	GO:0060070
600	GO:0061182	GO:1902460
600	GO:0098909	GO:1903296
600	GO:0003245	GO:2000534
600	GO:0000272	GO:0034475
600	GO:0098930	GO:1905608
600	GO:0033514	GO:0070428
600	GO:0072329	GO:1902221
600	GO:0032467	GO:2000008
600	GO:0061048	GO:0086066
600	GO:0031666	GO:2001293
600	GO:0045659	GO:0071364
600	GO:0000288	GO:1905835
600	GO:0014839	GO:2000854
600	GO:0018992	GO:0051444
600	GO:0019407	GO:0097468
600	GO:0030811	GO:1904828
600	GO:0000479	GO:2000211
600	GO:0042060	GO:1904719
600	GO:0006986	GO:0009615
600	GO:0046338	GO:0106118
600	GO:0033590	GO:1900719
600	GO:0090299	GO:1901620
600	GO:0014744	GO:0072660
600	GO:0034312	GO:1904239
600	GO:0061185	GO:1900249
600	GO:0003229	GO:0042552
600	GO:0030502	GO:0070857
600	GO:0003163	GO:1903523
600	GO:0019405	GO:1905647
600	GO:0034183	GO:0072189
600	GO:0030432	GO:0045163
600	GO:0002718	GO:1905669
600	GO:0001762	GO:0072237
600	GO:0006808	GO:0070072
600	GO:0070351	GO:0071347
600	GO:0071492	GO:0071549
600	GO:0002160	GO:0006751
600	GO:0014887	GO:0034250
600	GO:0150146	GO:1904837
600	GO:0016561	GO:0051353
600	GO:0006063	GO:0031456
600	GO:0031338	GO:0060844
600	GO:1903896	GO:1905168
600	GO:0042551	GO:2000341
1000	GO:0034109	GO:0070130
1000	GO:0006573	GO:2000854
1000	GO:0034059	GO:0060071
1000	GO:0010517	GO:0010771
1000	GO:0008156	GO:1901247
1000	GO:0034612	GO:0097272
1000	GO:0035914	GO:0141013
1000	GO:0042320	GO:1903892
1000	GO:0007218	GO:1900126
1000	GO:0010566	GO:0015878
1000	GO:0060026	GO:2000572
1000	GO:0006682	GO:0072540
1000	GO:0080134	GO:2000322
1000	GO:0000964	GO:0010920
1000	GO:0043132	GO:2000403
1000	GO:0046340	GO:1901188
1000	GO:0032201	GO:0048641
1000	GO:0010877	GO:0140050
1000	GO:0006869	GO:0070509
1000	GO:0009074	GO:0048753
1000	GO:0007599	GO:0099601
1000	GO:0045764	GO:0097707
1000	GO:0006658	GO:2000424
1000	GO:0106046	GO:0140051
1000	GO:0006869	GO:1990297
1000	GO:0035970	GO:1904999
1000	GO:0046035	GO:0060298
1000	GO:0140591	GO:2000510
1000	GO:0001911	GO:0033005
1000	GO:0045654	GO:2001235
1000	GO:0060978	GO:1902834
1000	GO:0006893	GO:0006998
1000	GO:0043413	GO:1905072
1000	GO:0044062	GO:0098969
1000	GO:0001810	GO:0072112
1000	GO:0006171	GO:2000978
1000	GO:0021801	GO:0090257
1000	GO:0010761	GO:0032655
1000	GO:0002509	GO:0150044
1000	GO:0106273	GO:2000779
1000	GO:0090089	GO:2000742
1000	GO:0043009	GO:0090201
1000	GO:0045600	GO:0097320
1000	GO:0021853	GO:0120190
1000	GO:0007076	GO:2001213
1000	GO:0031123	GO:0050925
1000	GO:0006699	GO:0055014
1000	GO:0090326	GO:1903333
1000	GO:0030157	GO:0050953
1000	GO:0009303	GO:2000847
1000	GO:0010902	GO:0120057
1000	GO:0031173	GO:0055062
1000	GO:0010605	GO:1905559
1000	GO:0006166	GO:0007159
1000	GO:0007416	GO:0010324
1000	GO:0003029	GO:2000843
1000	GO:0032685	GO:0042446
1000	GO:0009894	GO:1905244
1000	GO:0051452	GO:1902214
1000	GO:0010616	GO:0061143
1000	GO:1901207	GO:2001239
1000	GO:0086014	GO:2000351
1000	GO:0046247	GO:0071908
1000	GO:0035491	GO:0095500
1000	GO:0032410	GO:0097115
1000	GO:0046462	GO:0097320
1000	GO:0039020	GO:0045004
1000	GO:0046126	GO:0046226
1000	GO:0043007	GO:0048714
1000	GO:0002018	GO:0043578
1000	GO:0021659	GO:0045745
1000	GO:0006249	GO:0010464
1000	GO:1903084	GO:1904935
1000	GO:0009637	GO:2000328
1000	GO:0006551	GO:1903428
1000	GO:0001969	GO:0106104
1000	GO:0032379	GO:2000975
1000	GO:0032594	GO:0060948
1000	GO:0045665	GO:0046437
1000	GO:0009188	GO:0048935
1000	GO:0022410	GO:0032967
1000	GO:0036159	GO:0098712
1000	GO:0010160	GO:0071825
1000	GO:0072737	GO:1905038
1000	GO:0048254	GO:0050849
1000	GO:0044773	GO:2000536
1000	GO:0046578	GO:1903234
1000	GO:0006369	GO:0006554
1000	GO:1903479	GO:1905528
1000	GO:0071248	GO:1903278
1000	GO:1902204	GO:1905279
1000	GO:0035338	GO:1904565
1000	GO:1990828	GO:2000186
1000	GO:0060048	GO:2000757
1000	GO:0050675	GO:0071879
1000	GO:0009644	GO:0016183
1000	GO:0010971	GO:0046050
1000	GO:0019720	GO:1902307
1000	GO:0019336	GO:1904976
1000	GO:0002787	GO:0036066
1000	GO:0002542	GO:1990539
1000	GO:0042350	GO:1905324
1000	GO:0009131	GO:0140542
1000	GO:0043085	GO:0048026
1000	GO:0006913	GO:1905145
1000	GO:0030890	GO:0090181
1000	GO:0002697	GO:2000723
1000	GO:0062089	GO:0071929
1000	GO:0046037	GO:1903786
1000	GO:0006032	GO:1904659
1000	GO:0006787	GO:1990790
1000	GO:1901503	GO:1903322
1000	GO:0006524	GO:0048149
1000	GO:0006567	GO:0043124
1000	GO:0031455	GO:0038156
1000	GO:0097113	GO:1901977
1000	GO:0006312	GO:0048168
1000	GO:0033603	GO:2000864
1000	GO:0045184	GO:1902570
1000	GO:0001947	GO:0021843
1000	GO:0045954	GO:0061381
1000	GO:0061754	GO:1902808
1000	GO:0046416	GO:0060039
1000	GO:0032423	GO:0034354
1000	GO:0007620	GO:0016108
1000	GO:0032401	GO:0033632
1000	GO:0034436	GO:1904035
1000	GO:0030182	GO:1903672
1000	GO:0034035	GO:2001262
1000	GO:1901748	GO:1903416
1000	GO:0045723	GO:0071211
1000	GO:0007405	GO:0032367
1000	GO:0072027	GO:1905116
1000	GO:0034656	GO:0106047
1000	GO:0060767	GO:2000138
1000	GO:0002769	GO:0140754
1000	GO:0035909	GO:0099040
1000	GO:0006383	GO:0009260
1000	GO:0060621	GO:0070286
1000	GO:0060425	GO:0062175
1000	GO:0097510	GO:0097581
1000	GO:0035544	GO:1990046
1000	GO:0051548	GO:0070383
1000	GO:0031076	GO:0045039
1000	GO:0009187	GO:0019388
1000	GO:0002152	GO:0008361
1000	GO:0031272	GO:0043416
1000	GO:0006683	GO:0051823
1000	GO:0016139	GO:0140527
1000	GO:0018344	GO:0043488
1000	GO:0016198	GO:1905310
1000	GO:0006660	GO:0050849
1000	GO:0019320	GO:0042423
1000	GO:0035023	GO:2000359
1000	GO:0070199	GO:1902010
1000	GO:0046887	GO:2000812
1000	GO:0032652	GO:0048293
1000	GO:0070431	GO:1905820
1000	GO:1901646	GO:1904479
1000	GO:0046889	GO:0071732
1000	GO:0060058	GO:0099088
1000	GO:0032380	GO:0034599
1000	GO:0002724	GO:0032025
1000	GO:0060400	GO:0150077
1000	GO:0006546	GO:1901858
1000	GO:0007019	GO:0061051
1000	GO:0001776	GO:0030392
1000	GO:0003007	GO:0090135
1000	GO:0045660	GO:1903621
1000	GO:0032480	GO:1903401
1000	GO:0038162	GO:0086002
1000	GO:0045671	GO:0086097
1000	GO:0030432	GO:1902483
1000	GO:0000266	GO:0014072
1000	GO:0100001	GO:1990044
1000	GO:0071469	GO:1901881
1000	GO:0006393	GO:0038156
1000	GO:0032673	GO:0061573
1000	GO:0035333	GO:1901646
1000	GO:0051900	GO:0061189
1000	GO:0048619	GO:1903265
1000	GO:0002227	GO:0043012
1000	GO:0002933	GO:0150062
1000	GO:0008206	GO:0035722
1000	GO:0010569	GO:2001170
1000	GO:0009953	GO:0021903
1000	GO:0042176	GO:1900079
1000	GO:0034635	GO:0090156
1000	GO:0035441	GO:0110075
1000	GO:0021966	GO:0030578
1000	GO:0006771	GO:0035795
1000	GO:0050858	GO:0090133
1000	GO:0042401	GO:1902975
1000	GO:0045047	GO:1905031
1000	GO:0002285	GO:0048024
1000	GO:0006419	GO:0010626
1000	GO:0060966	GO:2000782
1000	GO:0006517	GO:0090596
1000	GO:0030656	GO:0140646
1000	GO:0046356	GO:0097117
1000	GO:0032509	GO:0036261
1000	GO:0014743	GO:0048701
1000	GO:0050774	GO:0051943
1000	GO:1901163	GO:1990502
1000	GO:0046112	GO:0090182
1000	GO:0006469	GO:0036006
1000	GO:0039530	GO:1904735
1000	GO:0006545	GO:1903384
1000	GO:0014856	GO:2000035
1000	GO:0002661	GO:1901658
1000	GO:0003105	GO:0033628
1000	GO:0051150	GO:1905839
1000	GO:0010879	GO:0072560
1000	GO:0001561	GO:0086097
1000	GO:0045818	GO:1901623
1000	GO:0001919	GO:1990048
1000	GO:0002649	GO:0016048
1000	GO:0031571	GO:1904386
1000	GO:0006489	GO:0060392
1000	GO:0007368	GO:0090264
1000	GO:1901161	GO:1902679
1000	GO:0045739	GO:0046015
1000	GO:0003071	GO:0098761
1000	GO:1903441	GO:2000622
1000	GO:0071866	GO:1905857
1000	GO:0090120	GO:1903568
1000	GO:0018027	GO:0060449
1000	GO:0032703	GO:1904544
1000	GO:0023058	GO:0048145
1000	GO:0006522	GO:0051130
1000	GO:0050823	GO:0051882
1000	GO:0031033	GO:0051142
1000	GO:0071279	GO:1900271
1000	GO:0002192	GO:1905037
1000	GO:0050918	GO:0072230
1000	GO:0003176	GO:1905115
1000	GO:0009119	GO:0060591
1000	GO:0015743	GO:1903141
1000	GO:1904015	GO:1904395
1000	GO:0046640	GO:0140569
1000	GO:0007044	GO:1904881
1000	GO:0009213	GO:0060265
1000	GO:0060615	GO:0072330
1000	GO:0031293	GO:0070986
1000	GO:0014046	GO:0030834
1000	GO:0002812	GO:0010603
1000	GO:0006524	GO:1904585
1000	GO:0010881	GO:0036047
1000	GO:0060562	GO:1990180
1000	GO:0071569	GO:0072359
1000	GO:0051902	GO:0060449
1000	GO:0014010	GO:0015689
1000	GO:0006220	GO:0060928
1000	GO:1903147	GO:1905949
1000	GO:0003104	GO:0106227
1000	GO:0045190	GO:0045933
1000	GO:0007212	GO:0048742
1000	GO:0042414	GO:1902860
1000	GO:1901508	GO:2001142
1000	GO:0040040	GO:1904668
1000	GO:0006644	GO:0032745
1000	GO:0001910	GO:0051918
1000	GO:0045794	GO:2000202
1000	GO:0019417	GO:0019532
1000	GO:0035965	GO:1900026
1000	GO:0000096	GO:0141111
1000	GO:1901860	GO:1904596
1000	GO:0006043	GO:0010766
1000	GO:0010544	GO:1904253
1000	GO:0010711	GO:0090427
1000	GO:0018021	GO:0098901
1000	GO:0061050	GO:1903689
1000	GO:0038110	GO:0045672
1000	GO:0051621	GO:1900746
1000	GO:0015824	GO:0051585
1000	GO:0042445	GO:1902073
1000	GO:0035633	GO:1903774
1000	GO:0060669	GO:0071264
1000	GO:0010875	GO:0071577
1000	GO:0032645	GO:0043132
1000	GO:0030968	GO:0097553
1000	GO:0046711	GO:1990543
1000	GO:0006185	GO:0100001
1000	GO:0010919	GO:0051886
1000	GO:0110075	GO:1903431
1000	GO:0014735	GO:1990627
1000	GO:0003071	GO:0032903
1000	GO:0046115	GO:0071623
1000	GO:0019626	GO:0097499
1000	GO:0016525	GO:2000146
1000	GO:0002637	GO:0046425
1000	GO:0016075	GO:0021702
1000	GO:0034121	GO:0036115
1000	GO:0003229	GO:1901076
1000	GO:0006225	GO:2001301
1000	GO:0061188	GO:0071629
1000	GO:0006355	GO:0019318
1000	GO:1902965	GO:1990046
1000	GO:1905786	GO:2000586
1000	GO:0010957	GO:0070207
1000	GO:0006614	GO:2000186
1000	GO:0014835	GO:1905725
1000	GO:0046305	GO:0097035
1000	GO:0006897	GO:0090154
1000	GO:0097400	GO:1905208
1000	GO:0046042	GO:0050847
1000	GO:0140569	GO:2000343
1000	GO:0090646	GO:1903028
1000	GO:0034136	GO:1902958
1000	GO:0001560	GO:0033320
1000	GO:0045022	GO:2001262
1000	GO:0040040	GO:0061227
1000	GO:0050917	GO:0072178
1000	GO:0002334	GO:0032725
1000	GO:0002821	GO:0003184
1000	GO:0001980	GO:1904897
1000	GO:0032673	GO:0034372
1000	GO:0060710	GO:0106040
1000	GO:0010728	GO:0048846
1000	GO:0034757	GO:0046099
1000	GO:0032696	GO:0097028
1000	GO:0006703	GO:0060265
1000	GO:0086054	GO:0098712
1000	GO:0050805	GO:2001038
1000	GO:0051279	GO:0098761
1000	GO:0048683	GO:1904799
1000	GO:0015749	GO:0046210
1000	GO:0001805	GO:0033273
1000	GO:0051175	GO:0060457
1000	GO:0015849	GO:1905274
1000	GO:0072208	GO:1990764
1000	GO:0038154	GO:1905835
1000	GO:0048675	GO:0072711
1000	GO:0006586	GO:1905035
1000	GO:0006568	GO:1903012
1000	GO:0015807	GO:0051985
1000	GO:0099606	GO:0150007
1000	GO:0036016	GO:1903797
1000	GO:0007194	GO:0090043
1000	GO:0002329	GO:2001304
1000	GO:0034355	GO:0036261
1000	GO:0009233	GO:0034309
1000	GO:0071107	GO:0090050
1000	GO:0072143	GO:1990264
1000	GO:0072307	GO:1901355
1000	GO:0006437	GO:0015847
1000	GO:0007602	GO:0141167
1000	GO:0036462	GO:0044782
1000	GO:0015840	GO:0140018
1000	GO:0034231	GO:0048534
1000	GO:0055094	GO:1990549
1000	GO:0002363	GO:0032525
1000	GO:0009948	GO:0071218
1000	GO:0061042	GO:0120229
1000	GO:0007194	GO:0062207
1000	GO:0039529	GO:1902612
1000	GO:0010881	GO:0010948
1000	GO:0001776	GO:1904881
1000	GO:0006637	GO:0099163
1000	GO:0009311	GO:0032392
1000	GO:0019343	GO:1903913
1000	GO:0010915	GO:0043922
1000	GO:0090204	GO:2000639
1000	GO:0035793	GO:1901194
1000	GO:0014877	GO:0086042
1000	GO:0032570	GO:0046636
1000	GO:0035092	GO:1904103
1000	GO:0032471	GO:0045054
1000	GO:0015851	GO:0072197
1000	GO:0045938	GO:1903673
1000	GO:0001501	GO:0007344
1000	GO:0034976	GO:0070198
1000	GO:0043030	GO:1903008
1000	GO:0008652	GO:0033301
1000	GO:0034110	GO:0046126
1000	GO:0043400	GO:1905873
1000	GO:0006873	GO:0048659
1000	GO:0051958	GO:0060094
1000	GO:0060629	GO:0072016
1000	GO:0055089	GO:0106217
1000	GO:0009826	GO:0035457
1000	GO:0002809	GO:0048341
1000	GO:0002401	GO:0060074
1000	GO:0032469	GO:0090493
1000	GO:0035338	GO:0072136
1000	GO:0090263	GO:0090264
1000	GO:0032808	GO:0060314
1000	GO:0010558	GO:0031100
1000	GO:0043549	GO:0072655
1000	GO:0008612	GO:1903351
1000	GO:0042552	GO:1904850
1000	GO:0042693	GO:0045795
1000	GO:0042446	GO:1905332
1000	GO:0001922	GO:2000261
1000	GO:0006359	GO:1903580
1000	GO:0031272	GO:0048625
1000	GO:0050779	GO:1900168
1000	GO:0009631	GO:0046851
1000	GO:0006688	GO:0009968
1000	GO:0007141	GO:0019885
1000	GO:0015800	GO:0141196
1000	GO:0071705	GO:1904151
1000	GO:0030392	GO:0051057
1000	GO:0045893	GO:1902990
1000	GO:0090235	GO:2000319
1000	GO:0060383	GO:0072126
1000	GO:0060317	GO:0071637
1000	GO:0019585	GO:0061817
1000	GO:0030813	GO:0046101
1000	GO:0060081	GO:0061013
1000	GO:0006525	GO:0060075
1000	GO:0002262	GO:0002699
1000	GO:0032107	GO:1900222
1000	GO:0002092	GO:0060911
1000	GO:0005981	GO:0072308
1000	GO:0014010	GO:1905557
1000	GO:0002846	GO:0070228
1000	GO:0006054	GO:1904019
1000	GO:0031173	GO:0071455
1000	GO:0043461	GO:1901318
1000	GO:0006865	GO:0051444
1000	GO:0002445	GO:0006397
1000	GO:0001649	GO:0035664
1000	GO:0048752	GO:0050855
1000	GO:0060545	GO:1904032
1000	GO:0038035	GO:0098784
1000	GO:0036261	GO:1900019
1000	GO:0072126	GO:1903288
1000	GO:0072135	GO:0097184
1000	GO:0043030	GO:0090382
1000	GO:0046684	GO:2000373
1000	GO:0060754	GO:1904246
1000	GO:0021540	GO:0060340
1000	GO:0006867	GO:1990546
1000	GO:0048675	GO:1903451
1000	GO:0007217	GO:0097532
1000	GO:0002416	GO:0032108
1000	GO:1902954	GO:1904117
1000	GO:0005976	GO:0048536
1000	GO:0072163	GO:1903786
1000	GO:0003072	GO:1904831
1000	GO:0032207	GO:0097272
1000	GO:0002894	GO:0003029
1000	GO:1904829	GO:2000320
1000	GO:0035335	GO:1903797
1000	GO:0035461	GO:1902475
1000	GO:0031579	GO:0071877
1000	GO:0021817	GO:0120045
1000	GO:0001823	GO:2001205
1000	GO:0006569	GO:0046068
1000	GO:0009162	GO:0032074
1000	GO:0090260	GO:0150129
1000	GO:0090045	GO:1902743
1000	GO:0002215	GO:1902497
1000	GO:0033388	GO:0044598
1000	GO:0099041	GO:1903288
1000	GO:0015813	GO:1903626
1000	GO:0051945	GO:1903062
1000	GO:1904777	GO:1905668
1000	GO:0098742	GO:1904689
1000	GO:0006356	GO:0060284
1000	GO:0010976	GO:0071357
1000	GO:0007141	GO:1903334
1000	GO:0002042	GO:0031346
1000	GO:0042059	GO:0060119
1000	GO:0046127	GO:0072376
1000	GO:0046330	GO:1903467
1000	GO:0010638	GO:0044786
1000	GO:0045948	GO:0045986
1000	GO:0060149	GO:0060450
1000	GO:0002825	GO:0050770
1000	GO:0003421	GO:0072268
1000	GO:0009195	GO:0010359
1000	GO:0032224	GO:1901165
1000	GO:0010717	GO:0140066
1000	GO:1903311	GO:1904826
1000	GO:0007030	GO:0080164
1000	GO:1901859	GO:1902035
1000	GO:0034436	GO:2000437
1000	GO:0005975	GO:0045595
1000	GO:0021849	GO:0060405
1000	GO:0010824	GO:1902117
1000	GO:0032263	GO:0035526
1000	GO:0031468	GO:0034369
1000	GO:0086013	GO:1901254
1000	GO:0003127	GO:0014048
1000	GO:1901339	GO:2000401
1000	GO:0003210	GO:0009224
1000	GO:0036471	GO:0051289
1000	GO:0006173	GO:0071638
1000	GO:0006925	GO:0018395
1000	GO:0002664	GO:0120068
1000	GO:0007604	GO:1901741
1000	GO:0009398	GO:1905664
1000	GO:0031579	GO:2000523
1000	GO:0010878	GO:0033633
1000	GO:0010971	GO:0120042
1000	GO:0050433	GO:0060675
1000	GO:1903895	GO:1905703
1000	GO:0010826	GO:1901627
1000	GO:0009169	GO:0090384
1000	GO:0051302	GO:0097212
1000	GO:0008090	GO:0051066
1000	GO:1900864	GO:1901490
1000	GO:0045055	GO:0098758
1000	GO:0030860	GO:1905523
1000	GO:0002418	GO:0035668
1000	GO:0035810	GO:0150099
1000	GO:0038148	GO:1902117
1000	GO:0002673	GO:0150118
1000	GO:0019566	GO:0032483
1000	GO:0043269	GO:2001137
1000	GO:0006163	GO:0042323
1000	GO:0032940	GO:0060386
1000	GO:0002905	GO:0140053
1000	GO:0036196	GO:1901373
1000	GO:0002760	GO:0021944
1000	GO:1901897	GO:1902073
1000	GO:0016338	GO:0048241
1000	GO:0046314	GO:0150173
1000	GO:0023035	GO:1902847
1000	GO:0033866	GO:0071385
1000	GO:0007528	GO:0106070
1000	GO:0002138	GO:1902373
1000	GO:1901984	GO:2001186
1000	GO:0009855	GO:0150065
1000	GO:0046485	GO:0061588
1000	GO:1903825	GO:1905342
1000	GO:0002396	GO:0031998
1000	GO:0032689	GO:0070368
1000	GO:0030198	GO:2000179
1000	GO:0008212	GO:0045717
1000	GO:0034239	GO:0035023
1000	GO:0071677	GO:0140060
1000	GO:0003097	GO:1901330
1000	GO:0010711	GO:1902319
1000	GO:0048337	GO:0071545
1000	GO:0048762	GO:0060094
1000	GO:0017015	GO:2001188
1000	GO:0044837	GO:1903598
1000	GO:0098534	GO:0099527
1000	GO:0060373	GO:0090341
1000	GO:0097345	GO:1903553
1000	GO:0046077	GO:1903147
1000	GO:0043244	GO:1901701
1000	GO:0015676	GO:0050911
1000	GO:0034670	GO:0080090
1000	GO:0007603	GO:0032759
1000	GO:0001717	GO:0019184
1000	GO:0021978	GO:0070671
1000	GO:0000387	GO:0046643
1000	GO:0006369	GO:0035491
1000	GO:0008610	GO:1904048
1000	GO:0035120	GO:1903226
1000	GO:1902025	GO:1902999
1000	GO:0006851	GO:0007188
1000	GO:0032711	GO:1904829
1000	GO:0038145	GO:0071280
1000	GO:0016123	GO:1905364
1000	GO:0032237	GO:1903544
1000	GO:0008585	GO:0033379
1000	GO:0042776	GO:1902370
1000	GO:0048812	GO:2001280
1000	GO:0010637	GO:0070994
1000	GO:0035711	GO:1900136
1000	GO:0010512	GO:0050684
1000	GO:0006882	GO:0031047
1000	GO:1902889	GO:1905454
1000	GO:0099563	GO:1903236
1000	GO:0031930	GO:0045218
1000	GO:0055023	GO:0070973
1000	GO:0060972	GO:2001236
1000	GO:1902435	GO:1904736
1000	GO:0010745	GO:0046460
1000	GO:0009968	GO:0033625
1000	GO:0032243	GO:1903041
1000	GO:0002554	GO:0009311
1000	GO:0021623	GO:0032823
1000	GO:0060024	GO:0062197
1000	GO:0033602	GO:0120161
1000	GO:0007260	GO:0035811
1000	GO:0006637	GO:0038127
1000	GO:0002280	GO:0017121
1000	GO:0045663	GO:0071217
1000	GO:0032888	GO:0035247
1000	GO:0090192	GO:1904972
1000	GO:0016486	GO:0072161
1000	GO:0035927	GO:2000403
1000	GO:0097698	GO:1905386
1000	GO:0009395	GO:0034346
1000	GO:0010886	GO:0030844
1000	GO:0048013	GO:0110022
1000	GO:0030149	GO:0030163
1000	GO:0072107	GO:1905699
1000	GO:1904753	GO:2000066
1000	GO:0007291	GO:0051497
1000	GO:0030183	GO:0071374
1000	GO:0098780	GO:1902215
1000	GO:0060736	GO:1903587
1000	GO:0046598	GO:0090264
1000	GO:0035395	GO:0045900
1000	GO:0001947	GO:0090034
1000	GO:0006636	GO:2000622
1000	GO:0006369	GO:0006577
1000	GO:0090384	GO:1903352
1000	GO:0016070	GO:0040020
1000	GO:0032372	GO:0052646
1000	GO:0180047	GO:1902250
1000	GO:0060973	GO:0089709
1000	GO:0060685	GO:0086021
1000	GO:0002143	GO:0006811
1000	GO:1902254	GO:2000740
1000	GO:0033079	GO:1904747
1000	GO:0048935	GO:2000354
1000	GO:0007417	GO:1905675
1000	GO:0003345	GO:0048387
1000	GO:0048167	GO:2000870
1000	GO:0045666	GO:1901017
1000	GO:0035973	GO:0045006
1000	GO:0003083	GO:0022607
1000	GO:0051728	GO:0070165
1000	GO:0009101	GO:0060444
1000	GO:0006420	GO:1902104
1000	GO:0016122	GO:1901463
1000	GO:0060538	GO:1990627
1000	GO:0035795	GO:0061485
1000	GO:0071105	GO:1990708
1000	GO:0002326	GO:0006821
1000	GO:0015879	GO:0071451
1000	GO:0033235	GO:2000510
1000	GO:0031666	GO:1904847
1000	GO:0060567	GO:0061615
1000	GO:0002684	GO:0097403
1000	GO:2000535	GO:2000729
1000	GO:0036037	GO:0061024
1000	GO:0046532	GO:1902527
1000	GO:0009182	GO:0097213
1000	GO:0002435	GO:0051914
1000	GO:0034058	GO:1903786
1000	GO:0009416	GO:0090038
1000	GO:0072177	GO:2000501
1000	GO:0014045	GO:0086097
1000	GO:0001813	GO:0045880
1000	GO:0051620	GO:0061757
1000	GO:0003400	GO:0015798
1000	GO:0048662	GO:1901194
1000	GO:1903606	GO:2001053
1000	GO:0052008	GO:2000186
1000	GO:1903003	GO:1904263
1000	GO:1905335	GO:1905912
1000	GO:0099607	GO:1903608
1000	GO:0006522	GO:0140353
1000	GO:0009149	GO:0048572
1000	GO:0072027	GO:1904349
1000	GO:0055081	GO:1904155
1000	GO:0033604	GO:1902340
1000	GO:0034036	GO:0097184
1000	GO:0015693	GO:0090316
1000	GO:0032743	GO:0033962
1000	GO:0006508	GO:1904934
1000	GO:0000494	GO:0036376
1000	GO:1905091	GO:2000827
1000	GO:0006198	GO:0060742
1000	GO:0046365	GO:0046487
1000	GO:0000709	GO:0031119
1000	GO:0003420	GO:0140361
1000	GO:0006576	GO:0050920
1000	GO:0048865	GO:0070478
1000	GO:0044849	GO:0071926
1000	GO:0048935	GO:2000521
1000	GO:0045584	GO:2001038
1000	GO:0010729	GO:1990432
1000	GO:0002317	GO:1901208
1000	GO:0042322	GO:0097502
1000	GO:0042426	GO:2000521
1000	GO:0031583	GO:0036048
1000	GO:0003350	GO:0071545
1000	GO:0030853	GO:0098921
1000	GO:0002774	GO:0045039
1000	GO:0008593	GO:0044458
1000	GO:0002357	GO:0042984
1000	GO:0008284	GO:0090320
1000	GO:0048484	GO:0070934
1000	GO:0030970	GO:0060577
1000	GO:0046222	GO:2000119
1000	GO:0010734	GO:1904338
1000	GO:0002520	GO:0045913
1000	GO:0043406	GO:0060219
1000	GO:0045839	GO:0070294
1000	GO:0043651	GO:0051096
1000	GO:0051276	GO:1902416
1000	GO:0043114	GO:2000622
1000	GO:0038086	GO:1902988
1000	GO:0019413	GO:1901073
1000	GO:0010971	GO:1900103
1000	GO:0061952	GO:0090075
1000	GO:0006414	GO:0086043
1000	GO:0060557	GO:0071354
1000	GO:0006925	GO:0071705
1000	GO:0033273	GO:0042159
1000	GO:0002706	GO:1990884
1000	GO:0010730	GO:1990709
1000	GO:0002758	GO:0042297
1000	GO:0009751	GO:0090104
1000	GO:0006391	GO:0060155
1000	GO:0072573	GO:0099542
1000	GO:0034504	GO:0043465
1000	GO:0034442	GO:0061670
1000	GO:0043369	GO:1903445
1000	GO:0099628	GO:1901899
1000	GO:0021659	GO:0060335
1000	GO:0046318	GO:0072015
1000	GO:0030318	GO:1901907
1000	GO:0030050	GO:0034587
1000	GO:0051354	GO:1905897
1000	GO:0032875	GO:0071774
1000	GO:0046545	GO:0070633
1000	GO:0042998	GO:0080170
1000	GO:0010165	GO:0070167
1000	GO:0032966	GO:0046056
1000	GO:0019856	GO:0070961
1000	GO:0060065	GO:0071219
1000	GO:0002399	GO:1902319
1000	GO:0002029	GO:0070291
1000	GO:0007160	GO:0032224
1000	GO:0009174	GO:0032781
1000	GO:0000729	GO:0071765
1000	GO:0002544	GO:0080134
1000	GO:0038089	GO:0045761
1000	GO:0000968	GO:0060586
1000	GO:0002643	GO:0002812
1000	GO:0051610	GO:1905186
1000	GO:0032352	GO:2001049
1000	GO:0051260	GO:1900378
1000	GO:0006562	GO:0014723
1000	GO:0045862	GO:0051683
1000	GO:0035113	GO:0046329
1000	GO:0016081	GO:0032459
1000	GO:0030242	GO:1902869
1000	GO:0035815	GO:1903909
1000	GO:0070213	GO:1903791
1000	GO:0019262	GO:0051386
1000	GO:0090675	GO:0160023
1000	GO:0010845	GO:0055091
1000	GO:0015887	GO:0016122
1000	GO:0000495	GO:0033273
1000	GO:0034163	GO:0060234
1000	GO:0090616	GO:2000548
1000	GO:0038185	GO:0045930
1000	GO:0043305	GO:1902806
1000	GO:0032825	GO:0072230
1000	GO:0008542	GO:1905832
1000	GO:0003273	GO:0014735
1000	GO:0019233	GO:0072141
1000	GO:1901403	GO:1903044
1000	GO:0008315	GO:2000258
1000	GO:0060216	GO:1901019
1000	GO:0160207	GO:1990858
1000	GO:0002304	GO:0002366
1000	GO:0043485	GO:0120256
1000	GO:0010559	GO:0010917
1000	GO:0019430	GO:0048704
1000	GO:0050823	GO:0070072
1000	GO:0006704	GO:0051661
1000	GO:0033081	GO:2000193
1000	GO:0042214	GO:0061355
1000	GO:0033605	GO:0097477
1000	GO:0006986	GO:0046314
1000	GO:0010608	GO:0070588
1000	GO:0044860	GO:1905040
1000	GO:1902034	GO:1990386
1000	GO:0070536	GO:0071673
1000	GO:0001782	GO:0042053
1000	GO:0046039	GO:0051781
1000	GO:0051956	GO:1990764
1000	GO:0010155	GO:0051385
1000	GO:0042246	GO:0106014
1000	GO:0048025	GO:0070366
1000	GO:0040018	GO:1905940
1000	GO:0040019	GO:0051650
1000	GO:0035425	GO:0042416
1000	GO:0008637	GO:0060718
1000	GO:0002758	GO:0051725
1000	GO:0043435	GO:0044857
1000	GO:1905684	GO:2000435
1000	GO:0008631	GO:1904431
1000	GO:1902916	GO:1904948
1000	GO:0060094	GO:0062176
1000	GO:0010824	GO:2000491
1000	GO:0098813	GO:1903844
1000	GO:0085020	GO:1902072
1000	GO:0019076	GO:1905384
1000	GO:0048489	GO:0061217
1000	GO:0038111	GO:2000979
1000	GO:0006001	GO:0060094
1000	GO:0050920	GO:0141112
1000	GO:0006214	GO:0044727
1000	GO:0003065	GO:0097053
1000	GO:0002777	GO:0032962
1000	GO:0007179	GO:1903906
1000	GO:0097089	GO:0097402
1000	GO:0031125	GO:2000114
1000	GO:0045950	GO:1902884
1000	GO:0042539	GO:0110010
1000	GO:0022618	GO:1903679
1000	GO:0006386	GO:0051937
1000	GO:0050852	GO:2000213
1000	GO:0042981	GO:1901668
1000	GO:0007099	GO:0090296
1000	GO:0048146	GO:0106020
1000	GO:0015749	GO:0036336
1000	GO:0031086	GO:0031161
1000	GO:0006515	GO:0048041
1000	GO:0120186	GO:1904151
1000	GO:0042360	GO:0043300
1000	GO:0000436	GO:1903553
1000	GO:0035669	GO:0086103
1000	GO:0034243	GO:0070478
1000	GO:0002553	GO:0035721
1000	GO:0006235	GO:1904179
1000	GO:0045792	GO:0090151
1000	GO:0043385	GO:1903248
1000	GO:0006161	GO:0061000
1000	GO:0106230	GO:2000435
1000	GO:0050930	GO:0060231
1000	GO:0060710	GO:0070633
1000	GO:0051782	GO:1903942
1000	GO:0018885	GO:0019530
1000	GO:0006185	GO:1904322
1000	GO:0010593	GO:0031392
1000	GO:0072594	GO:0120076
1000	GO:0016122	GO:0050891
1000	GO:0010819	GO:0021826
1000	GO:0003096	GO:0072210
1000	GO:0003081	GO:0019432
1000	GO:0060490	GO:2000427
1000	GO:1901976	GO:2000670
1000	GO:0002820	GO:0006562
1000	GO:0018992	GO:0051056
1000	GO:0007435	GO:0120058
1000	GO:0002582	GO:1902437
1000	GO:0032434	GO:0086045
1000	GO:0120255	GO:1904823
1000	GO:0046078	GO:0086072
1000	GO:0030279	GO:1903367
1000	GO:0071560	GO:1900148
1000	GO:0003433	GO:0150062
1000	GO:0060914	GO:1905395
1000	GO:1900234	GO:1903434
1000	GO:0046113	GO:0106107
1000	GO:0000430	GO:0006528
1000	GO:0000466	GO:0018016
1000	GO:0031269	GO:0141137
1000	GO:0045829	GO:0072302
1000	GO:0033631	GO:1902106
1000	GO:0007398	GO:0045637
1000	GO:0038169	GO:2000374
1000	GO:1904829	GO:2000419
1000	GO:0002697	GO:0060074
1000	GO:0032425	GO:0032530
1000	GO:0007130	GO:0043066
1000	GO:0000070	GO:0071260
1000	GO:0002894	GO:0032667
1000	GO:0046325	GO:0071483
1000	GO:0002826	GO:1902410
1000	GO:0044557	GO:0061573
1000	GO:1901608	GO:2000774
1000	GO:0007604	GO:2000351
1000	GO:0051041	GO:1903318
1000	GO:0046272	GO:0060468
1000	GO:0048293	GO:1990481
1000	GO:0010666	GO:0140206
1000	GO:0042905	GO:0051896
1000	GO:0019673	GO:1904844
1000	GO:0002280	GO:0002829
1000	GO:0006520	GO:0086044
1000	GO:0043627	GO:0045600
1000	GO:0097345	GO:0098943
1000	GO:1901859	GO:1904659
1000	GO:0016264	GO:2000446
1000	GO:0002752	GO:1905038
1000	GO:0009051	GO:0046498
1000	GO:0015881	GO:1905402
1000	GO:0044357	GO:1902742
1000	GO:0002866	GO:2000654
1000	GO:0009583	GO:2000641
1000	GO:0072218	GO:2000395
1000	GO:0072182	GO:1903532
1000	GO:0006431	GO:0032206
1000	GO:0010609	GO:0051030
1000	GO:0043651	GO:0071336
1000	GO:0072721	GO:0098901
1000	GO:0006111	GO:0042918
1000	GO:0098670	GO:2000409
1000	GO:0046035	GO:0046951
1000	GO:0006921	GO:0010335
1000	GO:0030500	GO:1902103
1000	GO:0000038	GO:0071864
1000	GO:0031915	GO:2000451
1000	GO:0031109	GO:1903438
1000	GO:0006421	GO:0051966
1000	GO:0071378	GO:1901951
1000	GO:0006012	GO:0050832
1000	GO:0000967	GO:0006351
1000	GO:0032053	GO:0140112
1000	GO:0062232	GO:1900407
1000	GO:0055094	GO:0071623
1000	GO:0042908	GO:1902858
1000	GO:0003050	GO:1902855
1000	GO:0002160	GO:0090114
1000	GO:0002204	GO:0046958
1000	GO:0051252	GO:0090234
1000	GO:0045843	GO:0090101
1000	GO:0090272	GO:1903882
1000	GO:0014866	GO:2001170
1000	GO:0060054	GO:0106230
1000	GO:0032570	GO:1900099
1000	GO:0070862	GO:1901207
1000	GO:0035793	GO:2001107
1000	GO:0006102	GO:0048370
1000	GO:0036085	GO:1904784
1000	GO:0035195	GO:0071281
1000	GO:0014740	GO:0035306
1000	GO:0010043	GO:0060307
1000	GO:1904749	GO:2000052
1000	GO:0010935	GO:0050714
1000	GO:0009257	GO:0034350
1000	GO:0032730	GO:0035928
1000	GO:0007077	GO:1905580
1000	GO:0061143	GO:1901888
1000	GO:0030573	GO:0071034
1000	GO:0007191	GO:1905403
1000	GO:0019720	GO:1990959
1000	GO:0034394	GO:0048240
1000	GO:0060283	GO:2000772
1000	GO:0002424	GO:0016562
1000	GO:0070841	GO:0099622
1000	GO:0015848	GO:2000649
1000	GO:0046210	GO:1902748
1000	GO:0045116	GO:0051093
1000	GO:0043123	GO:0048754
1000	GO:0032023	GO:0032730
1000	GO:0048522	GO:0051798
1000	GO:1903093	GO:1904779
1000	GO:0048661	GO:1903514
1000	GO:0070508	GO:1904141
1000	GO:0051782	GO:1904867
1000	GO:0072078	GO:1905524
1000	GO:0000184	GO:0046725
1000	GO:0036250	GO:1904140
1000	GO:0010975	GO:0051608
1000	GO:0032650	GO:0060101
1000	GO:1902173	GO:1904907
1000	GO:0031665	GO:0035854
1000	GO:0016124	GO:0060841
1000	GO:0072307	GO:0080129
1000	GO:1900535	GO:2000097
1000	GO:0046083	GO:0046131
1000	GO:0009794	GO:2000105
1000	GO:0050859	GO:0150077
1000	GO:0033601	GO:0072134
1000	GO:0021758	GO:0051142
1000	GO:0002865	GO:0009182
1000	GO:0051461	GO:0070534
1000	GO:0072526	GO:1904037
1000	GO:0060255	GO:1901335
1000	GO:0043090	GO:0043954
1000	GO:0002675	GO:0045577
1000	GO:0031577	GO:1990575
1000	GO:0017004	GO:1903351
1000	GO:0030035	GO:0090329
1000	GO:0042981	GO:0050732
1000	GO:0009298	GO:2000272
1000	GO:0043069	GO:1905445
1000	GO:0036049	GO:0060330
1000	GO:0006231	GO:0034612
1000	GO:0032658	GO:0045920
1000	GO:0019482	GO:0071316
1000	GO:0045746	GO:0048936
1000	GO:0070368	GO:1902993
1000	GO:0051240	GO:0090091
1000	GO:0008627	GO:2000177
1000	GO:0061588	GO:0141217
1000	GO:0010917	GO:0070459
1000	GO:0046477	GO:0060485
1000	GO:0006297	GO:0010657
1000	GO:0008654	GO:0033602
1000	GO:0006121	GO:0034087
1000	GO:0071919	GO:0086021
1000	GO:0046317	GO:1904472
1000	GO:0006041	GO:1900924
1000	GO:0044650	GO:0090222
1000	GO:0072012	GO:0141008
1000	GO:0009749	GO:0010746
1000	GO:0002365	GO:2000060
1000	GO:0100001	GO:1904375
1000	GO:0022607	GO:1903545
1000	GO:0060040	GO:0141156
1000	GO:0050884	GO:1901289
1000	GO:1903566	GO:1904983
